filename,width,height,class,xmin,ymin,xmax,ymax
plat-290-_jpg.rf.731e1e0dc961b54d35654c5200584e5d.jpg,4000,3000,plat_nomor,1258,883,3320,1680
plat-137-_jpg.rf.6f24d289e290683b4ea4e941e33d1684.jpg,3264,2448,plat_nomor,383,638,2901,1651
plat-410-_jpg.rf.6de0caec842c4b2156bf7dee0c825a56.jpg,639,480,plat_nomor,196,363,300,416
plat-253-_jpg.rf.6e8e61b965433bb23daa6f4954d9bbc1.jpg,4000,3000,plat_nomor,1039,938,2859,1625
plat-83-_jpg.rf.757a90f62558e8a4d5df85dd5f16f0f6.jpg,860,645,plat_nomor,113,448,235,524
plat-423-_jpg.rf.767a9289ab141357d25843bcbf7b756c.jpg,1040,585,plat_nomor,238,341,327,385
plat-423-_jpg.rf.767a9289ab141357d25843bcbf7b756c.jpg,1040,585,plat_nomor,544,309,627,349
plat-423-_jpg.rf.767a9289ab141357d25843bcbf7b756c.jpg,1040,585,plat_nomor,792,357,875,401
plat-457-_jpg.rf.7734bbf20787a2fd07caf4a79db36ed1.jpg,1280,768,plat_nomor,38,65,1123,490
plat-480-_jpg.rf.77e58cf50de0490f00d0cbc1229f1174.jpg,4000,3000,plat_nomor,1188,867,3414,1742
plat-571-_jpg.rf.6c768feb30928c66f222725c10e6e26a.jpg,500,399,plat_nomor,141,281,348,367
plat-188-_jpg.rf.6d29d9514acadca2ed5e1dc3fbcc37dd.jpg,3264,2448,plat_nomor,440,606,2913,1651
plat-518-_jpg.rf.78bacd484d5df30317f5683ef80821f2.jpg,680,451,plat_nomor,133,229,209,256
plat-518-_jpg.rf.78bacd484d5df30317f5683ef80821f2.jpg,680,451,plat_nomor,439,275,496,295
plat-490-_jpg.rf.77ad7c8060dded7d3254ead98e2b4731.jpg,640,360,plat_nomor,294,221,370,245
plat-161-_jpg.rf.73e697627525e4aeccb943b79d1ef77f.jpg,3264,2448,plat_nomor,236,491,2984,1575
plat-157-_jpg.rf.79073b13c8a242677d1eaf5973fbc927.jpg,3264,2448,plat_nomor,223,587,3028,1766
plat-270-_jpg.rf.6f393a402a8000a35decda60c26ffa5d.jpg,3264,2448,plat_nomor,351,485,3015,1683
plat-309-_jpg.rf.765f55f16b2f5d9a57fe752c6def1dba.jpg,4000,3000,plat_nomor,1383,1094,3039,1750
plat-327-_jpg.rf.723943f0152c6b09b588f83f64103fb1.jpg,4000,3000,plat_nomor,1156,1000,3070,1844
plat-325-_jpg.rf.6e7e27bf00b0498f9d8a9f51cb2003ad.jpg,4000,3000,plat_nomor,1281,1023,3055,1836
plat-111-_jpg.rf.7895aaa9f4a62079667cd9a3c94ceeeb.jpg,4000,3000,plat_nomor,1352,719,3266,1672
plat-24-_jpg.rf.710829e9175bd4f53789f4c0734f2eeb.jpg,4000,3000,plat_nomor,1289,1023,3039,1742
plat-533-_jpg.rf.786ded14024495bd8df0a9e3b354e948.jpg,4000,3000,plat_nomor,1336,1273,3320,2117
plat-72-_jpg.rf.6ce3983b5b22a6777f3ff83eeca1d992.jpg,850,638,plat_nomor,621,382,706,455
plat-461-_jpg.rf.77ef417750f46a74fe13cb66b3371b10.jpg,500,500,plat_nomor,176,355,306,398
plat-416-_jpg.rf.78c3e94e483ae63a5ea3294f67f007a9.jpg,900,1200,plat_nomor,346,729,595,803
plat-55-_jpg.rf.6d2b0faf4cb4e9bbabde31f100148c63.jpg,4000,3000,plat_nomor,1352,734,2750,1375
plat-70-_jpg.rf.7cbb7bfceb7cde8b5e8851c8964ecb5f.jpg,860,645,plat_nomor,338,445,539,515
plat-502-_jpg.rf.7f308f2cce4a362941fd971665662a03.jpg,1600,1063,plat_nomor,344,488,1206,805
plat-41-_jpg.rf.7d6bffec9723858abfde8e1b94c4f8fc.jpg,800,600,plat_nomor,181,355,248,405
plat-375-_jpg.rf.8c7e8e9c13d9dd1f7a73a9824e201312.jpg,1600,1200,plat_nomor,509,559,950,747
plat-82-_jpg.rf.8c1403bae7b0967803401e83ffa77e05.jpg,860,645,plat_nomor,667,389,758,444
plat-450-_jpg.rf.79103de0850e37789fb8f3f5728d0401.jpg,1040,585,plat_nomor,459,374,599,414
plat-258-_jpg.rf.7cc82abffa079e9ecf659cdeafb5dbc6.jpg,4000,3000,plat_nomor,1453,1211,3141,1969
plat-247-_jpg.rf.79d91688d8b7d9f810d0d449d4fd902e.jpg,4000,3000,plat_nomor,1586,586,3344,1398
plat-56-_jpg.rf.8b075d25509d87ecfd5d24748e797be5.jpg,457,857,plat_nomor,122,420,345,506
plat-521-_jpg.rf.83d2452df92787997e643c69cdacd374.jpg,1058,978,plat_nomor,413,626,707,729
plat-331-_jpg.rf.86ff11962e241c933ebc9534cb839167.jpg,4000,3000,plat_nomor,1430,1500,2984,2094
plat-144-_jpg.rf.7b6cbb072948b3d3db6c5fcc8e98e1a9.jpg,4000,3000,plat_nomor,1039,641,3234,1445
plat-428-_jpg.rf.8996cdcd6ea88cb26a5abae32288a27e.jpg,585,1040,plat_nomor,258,467,380,503
plat-509-_jpg.rf.7f07541ff4653c1fff8b4e21b2cb5587.jpg,764,458,plat_nomor,390,341,490,386
plat-165-_jpg.rf.83103332d5bee726f45b22a87d03bcd7.jpg,4000,3000,plat_nomor,1516,1141,3234,1898
plat-318-_jpg.rf.7da97602eea30c2486a9a9a4f0f158f9.jpg,4000,3000,plat_nomor,1273,1141,2781,1703
plat-286-_jpg.rf.7b515a2f89ac3987517db40f687933ad.jpg,4000,3000,plat_nomor,1125,773,3383,1664
plat-8-_jpg.rf.87edc6c26910c04e0646806ebb87fe6a.jpg,4000,3000,plat_nomor,1125,992,3313,1992
plat-493-_jpg.rf.8d688ff80456b648cecb471629cdbbe1.jpg,355,235,plat_nomor,160,123,261,161
plat-456-_jpg.rf.897a60645969af6e390c59411b980058.jpg,1280,768,plat_nomor,25,185,1060,605
plat-206-_jpg.rf.8bac5ff45dd8ed070e53616f71a24cf5.jpg,4000,3000,plat_nomor,1078,625,3195,1484
plat-294-_jpg.rf.8d843f856d3810b8c39aee259b2e1bee.jpg,4000,3000,plat_nomor,1172,1289,2883,2008
plat-328-_jpg.rf.8ccf13bb13c583aa984e0d18bdcc6b40.jpg,4000,3000,plat_nomor,1141,1117,3000,1828
plat-167-_jpg.rf.8055278f7609dd8a2d529491e70cf55c.jpg,4000,3000,plat_nomor,1367,781,3344,1617
plat-352-_jpg.rf.7ae8f62df5c42f610c699eee8ef7c57f.jpg,4000,3000,plat_nomor,1234,1547,2734,2164
plat-339-_jpg.rf.7fc7b36922226f928f5a7015c268a810.jpg,4000,3000,plat_nomor,1438,1102,3133,1805
plat-426-_jpg.rf.8fb7a997a5dc72ebc07abb1a74adcfbd.jpg,585,1040,plat_nomor,278,563,390,603

plat-348-_jpg.rf.9be7e26ca57d0ed5149e0f0958e254db.jpg,4000,3000,plat_nomor,1164,1063,3008,1797
plat-114-_jpg.rf.9192d11a8aeee1ca02d8d9a2c63f9f3b.jpg,4000,3000,plat_nomor,984,711,3578,1797
plat-549-_jpg.rf.a237de9af61d1a363eea3d4c8a0a11e9.jpg,640,480,plat_nomor,250,347,393,390
plat-591-_jpg.rf.8f86cf5cb8f7ee4c67c7c192253b9a23.jpg,4000,3000,plat_nomor,1328,734,3008,1422
plat-383-_jpg.rf.961b1f21732552cacc5481a5c67ef426.jpg,4000,3000,plat_nomor,1164,953,3359,1859
plat-592-_jpg.rf.8ebccca29838e9709639ed8ead98c5ea.jpg,700,465,plat_nomor,458,290,573,346
plat-168-_jpg.rf.9aefae80a7893d8990f5c898d121fe4d.jpg,4000,3000,plat_nomor,1141,875,3109,1695
plat-130-_jpg.rf.9bad7daf630eddeb40d95ec10293780a.jpg,4000,3000,plat_nomor,1063,492,3258,1461
plat-433-_jpg.rf.9e8ac0e19616868bd716f876e3fe9fb2.jpg,1040,585,plat_nomor,662,345,800,418
plat-433-_jpg.rf.9e8ac0e19616868bd716f876e3fe9fb2.jpg,1040,585,plat_nomor,329,287,441,346
plat-510-_jpg.rf.917bcda4820cd433d60a96556b3ee7db.jpg,1000,750,plat_nomor,412,473,541,517
plat-582-_jpg.rf.9d3054143d3d8e34fa974e3d80d70212.jpg,720,480,plat_nomor,255,236,473,309
plat-306-_jpg.rf.90292bc88157ce89972def45543e8d32.jpg,1600,1200,plat_nomor,534,597,1088,850
plat-547-_jpg.rf.9e7ca39685cdcedaa6414d440f3c013a.jpg,850,478,plat_nomor,310,284,406,323
plat-435-_jpg.rf.9bc612bb5b3c567d14c68568b9496c18.jpg,1040,585,plat_nomor,133,290,221,318
plat-435-_jpg.rf.9bc612bb5b3c567d14c68568b9496c18.jpg,1040,585,plat_nomor,569,344,635,368
plat-543-_jpg.rf.95d1fbc1c24593b27298cbb68ac8172e.jpg,450,340,plat_nomor,323,221,378,276
plat-75-_jpg.rf.8f7f96867a7b80c48c2fd82e0a7f2e02.jpg,4000,3000,plat_nomor,1570,1234,3227,1984
plat-91-_jpg.rf.a1a0c8f2792ff252ad44e5c14aa0d857.jpg,4000,3000,plat_nomor,1180,836,3250,1727
plat-413-_jpg.rf.9c2aa5a066f788c4cf7f509482efa1b0.jpg,500,500,plat_nomor,346,267,417,312
plat-276-_jpg.rf.906f305c01b0edc25da7192752514e3b.jpg,4000,3000,plat_nomor,1242,984,3367,1828
plat-85-_jpg.rf.a2c492a2251d2f5e19d412f4bc7ef580.jpg,860,645,plat_nomor,648,456,746,517
plat-260-_jpg.rf.9568c0659abd19503a8b73864cfa31a0.jpg,4000,3000,plat_nomor,930,1047,3086,2008
plat-178-_jpg.rf.9a6114599835b5775328699f3147501b.jpg,4000,3000,plat_nomor,1289,1063,3172,1797
plat-285-_jpg.rf.a15c46a6546c549e7ad7373c24e0b87f.jpg,4000,3000,plat_nomor,1156,891,3313,1711
plat-344-_jpg.rf.a10bd1d903b56ad2828a5c3b5a909293.jpg,4000,3000,plat_nomor,1445,1039,3211,1805
plat-241-_jpg.rf.a2496f8145dfdf390506a226eab422bd.jpg,4000,3000,plat_nomor,938,1117,3219,1938
plat-108-_jpg.rf.aafbf0006863b847b837a94cd3f12719.jpg,4000,3000,plat_nomor,1469,898,2898,1500
plat-407-_jpg.rf.ac6a35543c98d855270d6f3058c27a74.jpg,500,500,plat_nomor,191,380,342,425
plat-538-_jpg.rf.aeec9e6b9ff50c45d7d22c098fc1dd77.jpg,500,500,plat_nomor,181,318,329,373
plat-470-_jpg.rf.b3d8fe637c43965183ca524f27556c4e.jpg,860,645,plat_nomor,658,388,769,478
plat-378-_jpg.rf.a7cd547002811d1bdb3a9f6537445470.jpg,4000,3000,plat_nomor,1234,750,3188,1563
plat-107-_jpg.rf.a7f6bb672e6707f79b5398a67a6394a0.jpg,4000,3000,plat_nomor,1281,773,3117,1664
plat-228-_jpg.rf.b35c17a8d05ec6949fecd165c649e853.jpg,3264,2448,plat_nomor,593,485,2837,1460
plat-202-_jpg.rf.b358b958d2dc3af7dece014687c39739.jpg,3264,2448,plat_nomor,204,402,3226,1632
plat-514-_jpg.rf.acb8044551e6de187008ca7a06057304.jpg,430,323,plat_nomor,291,226,367,252
plat-122-_jpg.rf.a9bac380c9dab71f8cddbf9689f79425.jpg,3264,2448,plat_nomor,230,606,2996,1740
plat-102-_jpg.rf.ab6b4d11f0d6ebed2763165268c06628.jpg,4000,3000,plat_nomor,875,938,3328,2016
plat-48-_jpg.rf.b0f23b1079bbba7c424921b66f5b9ce4.jpg,4000,3000,plat_nomor,1016,617,3109,1500
plat-116-_jpg.rf.a7becb2826fe3d654967ed9d73bfdee3.jpg,3264,2448,plat_nomor,287,414,2958,1536
plat-302-_jpg.rf.b21998eef26d97839713c3a7c75beb9a.jpg,1600,1200,plat_nomor,484,525,1025,794
plat-588-_jpg.rf.a3ac4aa1b8177a617563318d981bd18e.jpg,720,378,plat_nomor,201,279,399,351
plat-189-_jpg.rf.a6cd947524f97edcb109bcb0cea06a87.jpg,3264,2448,plat_nomor,510,523,3009,1632
plat-431-_jpg.rf.ad8fe77e94e2678a51500a71a4afbe68.jpg,1040,585,plat_nomor,455,378,618,434
plat-377-_jpg.rf.b3621f19c63243480ac14d5db9ca4592.jpg,4000,3000,plat_nomor,1352,1508,3031,2102
plat-120-_jpg.rf.a3d2fb427a3a3ee63bb379a713a98ae7.jpg,3264,2448,plat_nomor,861,746,2601,1460
plat-319-_jpg.rf.a964db8bfbf2c59a68bce53f6c14b441.jpg,1600,1200,plat_nomor,478,600,1109,914
plat-138-_jpg.rf.aac43346cb1ec518a73b4a596a47e9dd.jpg,4000,3000,plat_nomor,859,828,3375,1797
plat-254-_jpg.rf.a95ffc084a580b58a0057ed2b7049e2e.jpg,4000,3000,plat_nomor,875,680,3516,1789
plat-128-_jpg.rf.afe54d3b05922fb5bd254db7d9bb522f.jpg,4000,3000,plat_nomor,1188,891,3094,1641
plat-293-_jpg.rf.af0d7a5016f33440c21f35c2258f6d81.jpg,3264,2448,plat_nomor,281,587,2920,1638
plat-522-_jpg.rf.a8de7742792127e03b0af288814914bc.jpg,800,419,plat_nomor,83,225,231,277
plat-522-_jpg.rf.a8de7742792127e03b0af288814914bc.jpg,800,419,plat_nomor,394,175,491,212
plat-522-_jpg.rf.a8de7742792127e03b0af288814914bc.jpg,800,419,plat_nomor,605,156,672,187
plat-454-_jpg.rf.b3da1ace7822b990c29b1197ffad6076.jpg,1280,768,plat_nomor,23,200,995,641
plat-390-_jpg.rf.b7257d4609d527299a20438dbb6f00e4.jpg,672,456,plat_nomor,16,293,93,335
plat-390-_jpg.rf.b7257d4609d527299a20438dbb6f00e4.jpg,672,456,plat_nomor,269,260,358,289
plat-396-_jpg.rf.b575fbd1ce135f121c6cdae1dbe85cce.jpg,689,445,plat_nomor,58,221,182,334
plat-139-_jpg.rf.b3f56c1fcc93a78dcc792d5319d71fe9.jpg,4000,3000,plat_nomor,1023,797,3227,1664
plat-520-_jpg.rf.b454c2fc29dbc814ec9c7d5f17fff9a7.jpg,700,393,plat_nomor,253,250,331,286
plat-520-_jpg.rf.b454c2fc29dbc814ec9c7d5f17fff9a7.jpg,700,393,plat_nomor,630,213,674,240
plat-44-_jpg.rf.bf062250ea8749fb3de832aef9582247.jpg,500,500,plat_nomor,123,338,213,394
plat-176-_jpg.rf.bdb97fbb4f1704b6115e1d0d82a6b9d1.jpg,4000,3000,plat_nomor,1039,750,3281,1672
plat-238-_jpg.rf.b635cbd1afa345f83cba1f3b5b6ae6b6.jpg,4000,3000,plat_nomor,1242,984,3383,1836
plat-593-_jpg.rf.be88ee2db66a5b0bc156cb9e95478fae.jpg,346,310,plat_nomor,105,246,190,272
plat-581-_jpg.rf.c061b3679e4e8a965ae49cf04db38e5e.jpg,1000,750,plat_nomor,402,332,551,381
plat-101-_jpg.rf.bc3662cc5ac0bcbdf563626f6b369ac7.jpg,3264,2448,plat_nomor,529,587,2748,1428
plat-519-_jpg.rf.c0885cb8d150a69c03a4d3fd61e47be9.jpg,700,393,plat_nomor,183,210,263,252
plat-400-_jpg.rf.b8d978a1b495fe122ba51d05191063b1.jpg,739,415,plat_nomor,320,227,391,254
plat-256-_jpg.rf.c306f3506c4d60fdf37e9da81fc527f0.jpg,3264,2448,plat_nomor,612,612,2805,1466
plat-399-_jpg.rf.c1860414aeb233c5757fd8a52b73d17c.jpg,850,638,plat_nomor,536,377,694,448
plat-337-_jpg.rf.bb986771ba45f6a0c046628a3aec1427.jpg,4000,3000,plat_nomor,1500,914,3258,1633
plat-51-_jpg.rf.b72749a9b6729f0bda50867a5467d094.jpg,4000,3000,plat_nomor,1094,391,3188,1297
plat-321-_jpg.rf.c05a4c0f73db40586bc63aba7c32d8e9.jpg,4000,3000,plat_nomor,1438,1344,2930,1914
plat-269-_jpg.rf.b5c3027bbde89283c484ed6815ac75a0.jpg,3264,2448,plat_nomor,873,587,2678,1352
plat-136-_jpg.rf.b3ee9a8ce4d2bd0da5c62256d1e658ef.jpg,4000,3000,plat_nomor,1023,656,3547,1820
plat-313-_jpg.rf.c507250ebaf0447d66917ba817a21a6c.jpg,4000,3000,plat_nomor,1469,922,3203,1703
plat-240-_jpg.rf.c3f32fdcc7beac1f3c8bbe14e468d390.jpg,4000,3000,plat_nomor,1406,922,3047,1570
plat-274-_jpg.rf.b6617aece7a479d3a735343582d1a284.jpg,4000,3000,plat_nomor,1289,820,3063,1578
plat-362-_jpg.rf.c4f171650aaf9e3966a396e15b61bc94.jpg,4000,3000,plat_nomor,1313,820,3383,1641
plat-562-_jpg.rf.c76f608f1847435c7288c1ef8b2292eb.jpg,1080,809,plat_nomor,439,577,599,630
plat-204-_jpg.rf.c0be5e46fc8bfcbdf3b53d4270273d93.jpg,4000,3000,plat_nomor,1617,1563,3289,2195
plat-559-_jpg.rf.b765da64bd4a1a735a344a3b0d4f0f05.jpg,4000,3000,plat_nomor,1109,711,3086,1578
plat-554-_jpg.rf.c5ee4047d46d86ddafae6c0b6cd08916.jpg,620,465,plat_nomor,498,265,570,347

plat-553-_jpg.rf.cd0c70a1ed515af588a92d0b4c959556.jpg,860,645,plat_nomor,91,412,196,495
plat-503-_jpg.rf.cb79f795d2aa670786a45d3347839382.jpg,540,270,plat_nomor,375,192,439,233
plat-404-_jpg.rf.cf2a1236e969435720a4f411057d2e76.jpg,602,510,plat_nomor,162,385,289,438
plat-539-_jpg.rf.cc2e3d457d80449eac319561c735f7cc.jpg,500,500,plat_nomor,187,319,310,355
plat-534-_jpg.rf.d44d9a3b1cd994ede1df64485c3d0efd.jpg,640,400,plat_nomor,139,209,310,271
plat-439-_jpg.rf.ced4f71e40d76a1caa57c38c476b1506.jpg,1040,585,plat_nomor,452,375,599,420
plat-332-_jpg.rf.d5bf7d7f6562f819cd44929c569b46d4.jpg,3264,2448,plat_nomor,312,542,3028,1626
plat-47-_jpg.rf.d3200e2bb67ee2653a39abdab3dabdbc.jpg,475,286,plat_nomor,45,183,105,211
plat-267-_jpg.rf.ccc3b75b087455af717a9ca5dc1adba1.jpg,3264,2448,plat_nomor,261,644,2907,1734
plat-175-_jpg.rf.d615adb83694e3410444f1c3235efe70.jpg,4000,3000,plat_nomor,1305,953,3328,1813
plat-199-_jpg.rf.d2850806fb3ef06f5afd49483b30f7ed.jpg,3264,2448,plat_nomor,370,491,2958,1492
plat-492-_jpg.rf.db237bc38b8a47d27d8dcfc3539d05d9.jpg,750,422,plat_nomor,320,251,438,296
plat-361-_jpg.rf.cd4b66865b8bf9f0f5a932f0407e4e3c.jpg,1600,1200,plat_nomor,266,528,1147,894
plat-207-_jpg.rf.d8f76598996f9722ebe98eae615460e8.jpg,4000,3000,plat_nomor,1367,1094,3383,2000
plat-19-_jpg.rf.d0199006ae291e5f8bddc597578275df.jpg,4000,3000,plat_nomor,1352,1227,2914,1930
plat-345-_jpg.rf.cd773998bbc98cb6641d35ce81171cee.jpg,3264,2448,plat_nomor,561,746,2563,1600
plat-278-_jpg.rf.d352340207541c329227caff87343099.jpg,703,1543,plat_nomor,72,955,542,1154
plat-109-_jpg.rf.dcd078ba5beb346ce03b6baf78df4e0d.jpg,4000,3000,plat_nomor,1313,859,3008,1547
plat-21-_jpg.rf.cfb36f1693294a06a4d95e02a2dfb1f9.jpg,4000,3000,plat_nomor,1133,1055,2906,1797
plat-261-_jpg.rf.cfab667204802f40d37917ffa815f1d7.jpg,4000,3000,plat_nomor,1305,609,3273,1383
plat-486-_jpg.rf.d4599ecb442fbd04d958c2265b4266d0.jpg,4000,3000,plat_nomor,1352,789,3367,1648
plat-360-_jpg.rf.db65e143829ddc721839f1c7394f6f2c.jpg,4000,3000,plat_nomor,1414,945,3109,1641
plat-441-_jpg.rf.ddf12e810fd61146458d14b8b368db7d.jpg,1040,585,plat_nomor,402,350,487,386
plat-372-_jpg.rf.de2c90ff1190f940eb965f157d75546c.jpg,3264,2448,plat_nomor,198,465,3015,1638
plat-212-_jpg.rf.dea3bb0bd42d5ffddc708070d74fc750.jpg,3264,2448,plat_nomor,325,121,2977,1154
plat-384-_jpg.rf.cccf118395e9e449ec7dfdd7fd45cd44.jpg,1600,1200,plat_nomor,600,516,972,688
plat-203-_jpg.rf.db5d60aa925881b8e16c9e28203a2bae.jpg,1040,780,plat_nomor,284,345,697,516
plat-110-_jpg.rf.ddaa27befe5496546aa0f892ef14b12d.jpg,4000,3000,plat_nomor,1242,625,3086,1461
plat-198-_jpg.rf.de564fa43edfeb333e6e19238f2690f6.jpg,4000,3000,plat_nomor,1313,1305,3047,2031
plat-100-_jpg.rf.d3a067239a3f7d7d6cc96153e38a0a22.jpg,4000,3000,plat_nomor,1422,1711,2867,2328
plat-149-_jpg.rf.ddf245c983c301de086a8ef8a2d8381a.jpg,4000,3000,plat_nomor,1359,1125,2992,1789
plat-149-_jpg.rf.ddf245c983c301de086a8ef8a2d8381a.jpg,4000,3000,plat_nomor,2359,1422,2367,1430
plat-587-_jpg.rf.d09db75243f5e70750e37f6178ead891.jpg,720,480,plat_nomor,181,287,460,360
plat-153-_jpg.rf.d5ba6ac0b0240e1797f54eec98351ec6.jpg,3264,2448,plat_nomor,491,740,2837,1626
plat-61-_jpg.rf.ebc8b97fe7abc7ed33cfca70ca07f23d.jpg,490,310,plat_nomor,185,228,299,266
plat-63-_jpg.rf.ead611799f4df309b5a57cc42f75bec8.jpg,550,366,plat_nomor,271,250,388,305
plat-63-_jpg.rf.ead611799f4df309b5a57cc42f75bec8.jpg,550,366,plat_nomor,173,251,276,295
plat-421-_jpg.rf.e121920494b407e2353818f61f778bb2.jpg,640,480,plat_nomor,473,246,571,314
plat-561-_jpg.rf.e6fbf9fb72af21a0198aa05d63e02d0a.jpg,800,526,plat_nomor,277,296,347,326
plat-292-_jpg.rf.e67cd76e0c2621bc273ece24720404cd.jpg,1600,1200,plat_nomor,675,541,1153,766
plat-394-_jpg.rf.e19cc78f898d3a23a7e5b85a66b3cbd9.jpg,565,350,plat_nomor,123,264,203,294
plat-379-_jpg.rf.e4f00515f586e0f8164f8104dfe43b56.jpg,4000,3000,plat_nomor,1367,594,2906,1266
plat-298-_jpg.rf.ee035b66c902fe7d6bc75c41f8c514ab.jpg,3264,2448,plat_nomor,230,529,3060,1683
plat-40-_jpg.rf.e36d1c69e9ccd7bf036b19bddfd0c978.jpg,900,1200,plat_nomor,661,667,764,731
plat-90-_jpg.rf.e7a5693726c4b28f90dd95de6f87cf48.jpg,640,480,plat_nomor,473,326,564,388
plat-386-_jpg.rf.e9bfa933ecda14971d275174b7cb136d.jpg,4000,3000,plat_nomor,1164,867,3188,1695
plat-184-_jpg.rf.e917f9bbb33d33ff8b9dfcf2a5b19b27.jpg,3264,2448,plat_nomor,166,638,3009,1798
plat-216-_jpg.rf.f115916806431fdbc7d1d13b96be741e.jpg,4000,3000,plat_nomor,1297,1125,3188,1898
plat-220-_jpg.rf.f0323cec1da72b1e56d042742fe14dda.jpg,4000,3000,plat_nomor,1469,1227,2977,1820
plat-300-_jpg.rf.e1fc3f37ca729d67c1d28c051c493072.jpg,4000,3000,plat_nomor,1438,1289,3094,2055
plat-590-_jpg.rf.e9d40c7620928b84986e8d3be5b4758d.jpg,620,413,plat_nomor,145,288,262,334
plat-590-_jpg.rf.e9d40c7620928b84986e8d3be5b4758d.jpg,620,413,plat_nomor,565,174,604,194
plat-462-_jpg.rf.e35479763595ce627545681183c43608.jpg,500,500,plat_nomor,42,307,135,370
plat-60-_jpg.rf.e933a8af6877ed66983e8294e4d35787.jpg,281,500,plat_nomor,103,340,169,359
plat-596-_jpg.rf.e69e40d90a34f23569cc65e438978598.jpg,2448,3264,plat_nomor,555,1332,1868,1906
plat-342-_jpg.rf.f1a65ce89e0af2dd8b20cf06f2666f53.jpg,4000,3000,plat_nomor,1289,750,3281,1680
plat-255-_jpg.rf.eb03d9150d7fa73689dd07acc1747808.jpg,4000,3000,plat_nomor,1180,1031,3117,1813
plat-170-_jpg.rf.ee5f917966a70c70b12685e449d2c1ef.jpg,4000,3000,plat_nomor,1477,969,2836,1555
plat-448-_jpg.rf.f3718515169e09964d34e0c72f9248a2.jpg,1040,585,plat_nomor,595,388,750,474

plat-600-_jpg.rf.ee0f390538ae8fd3d445aaf33f26396b.jpg,2448,3264,plat_nomor,542,1256,1791,1804
plat-368-_jpg.rf.f1c14dfa5fa4450487bd0fdad10fee68.jpg,4000,3000,plat_nomor,1344,1117,3172,1867
plat-10-_jpg.rf.e697e845fbf0b5b576ac1630ff201ae9.jpg,4000,3000,plat_nomor,1297,656,3211,1539
plat-22-_jpg.rf.f36c4436a6a008470bfbb35a9b15225e.jpg,4000,3000,plat_nomor,1273,516,2859,1281
plat-54-_jpg.rf.f82ba0a7bb1e9e77f920ad496721ed48.jpg,3264,2448,plat_nomor,580,644,2933,1664
plat-401-_jpg.rf.fb6775d5dfa06734f9c741e74e501783.jpg,500,500,plat_nomor,400,295,453,327
plat-505-_jpg.rf.f50466073c517d983e63888b43e1fa38.jpg,970,544,plat_nomor,189,455,334,526
plat-28-_jpg.rf.f37520a34f5f09797725ce67438563ca.jpg,4000,3000,plat_nomor,1039,844,3469,1914
plat-516-_jpg.rf.f57bfb174a8ecf08ef9568fbc8463115.jpg,500,333,plat_nomor,367,218,445,255
plat-186-_jpg.rf.f71e35ccba231e3ab881220985174232.jpg,4000,3000,plat_nomor,1250,523,3320,1516
plat-42-_jpg.rf.fc74d329b5f5142a3c1027672294e258.jpg,800,503,plat_nomor,93,355,184,410
plat-217-_jpg.rf.f421a34cc5a05ef3449b45a70821e486.jpg,4000,3000,plat_nomor,1242,758,3164,1547
plat-304-_jpg.rf.fe67e506ecb9d1f30157fc37f243faa3.jpg,3264,2448,plat_nomor,185,587,3124,1702
plat-525-_jpg.rf.f7054f6a95f25afad3fe0ef4899b19e8.jpg,680,421,plat_nomor,422,258,518,311
plat-525-_jpg.rf.f7054f6a95f25afad3fe0ef4899b19e8.jpg,680,421,plat_nomor,607,169,656,197
plat-481-_jpg.rf.feaaadf4b447e560fc52bc9d3686f80f.jpg,585,1101,plat_nomor,13,699,310,826
plat-14-_jpg.rf.fc495e1a8540268df8042a6f1d1be423.jpg,3264,2448,plat_nomor,548,644,3028,1709
plat-363-_jpg.rf.f6f719c9c867bc8ba6a8e179b5082f47.jpg,4000,3000,plat_nomor,1625,1305,3133,1867
plat-52-_jpg.rf.f9654cab79cd596a2b8433a1aab3f4e6.jpg,4000,3000,plat_nomor,1195,1086,3109,1945
plat-349-_jpg.rf.fe0b4ea53d504be04adf1f79f3a4cfb1.jpg,4000,3000,plat_nomor,859,1266,2719,2109
plat-430-_jpg.rf.fcb2f97eeb4b69d3b56620c7c6542d54.jpg,1040,585,plat_nomor,85,299,160,340
plat-430-_jpg.rf.fcb2f97eeb4b69d3b56620c7c6542d54.jpg,1040,585,plat_nomor,314,282,392,316
plat-430-_jpg.rf.fcb2f97eeb4b69d3b56620c7c6542d54.jpg,1040,585,plat_nomor,474,270,545,308
plat-430-_jpg.rf.fcb2f97eeb4b69d3b56620c7c6542d54.jpg,1040,585,plat_nomor,219,256,250,273
plat-541-_jpg.rf.febf8d5df3cb245259510c49b5b99fe5.jpg,966,609,plat_nomor,196,392,336,467
plat-594-_jpg.rf.fc20bbfc91867fd8a3152cc2e402c4ef.jpg,750,500,plat_nomor,286,270,413,309
plat-333-_jpg.rf.fe87ee6b8c7905903eb246cdc22151ad.jpg,4000,3000,plat_nomor,1375,953,3414,1773
plat-281-_jpg.rf.f7ebec7c18f4ef7adc58bfb6e0701971.jpg,4000,3000,plat_nomor,1172,563,3203,1406
plat-483-_jpg.rf.fdf57507c6b26314dfd6907c860246e2.jpg,4000,3000,plat_nomor,1352,898,3297,1680
plat-20-_jpg.rf.f970cb626f8552e9a5e55cce6aa2cee1.jpg,4000,3000,plat_nomor,1547,1148,3109,1930
plat-156-_jpg.rf.fa095d9eb3696e67338cf82caf6a48b1.jpg,4000,3000,plat_nomor,1109,813,3313,1695
plat-376-_jpg.rf.fdf6ad82339d5ce90c88ac1b26e6585b.jpg,4000,3000,plat_nomor,1422,852,3156,1648
plat-266-_jpg.rf.fa80325f1544a2f06e831d8745b150b6.jpg,4000,3000,plat_nomor,953,938,3680,1969
plat-53-_jpg.rf.ff2265f04c931802bc1c7e6f8cac9ce6.jpg,4000,3000,plat_nomor,1180,930,2992,1844
plat-351-_jpg.rf.f613619e57107f1f189cc443220f3671.jpg,3264,2448,plat_nomor,319,414,3003,1466

plat-572-_jpg.rf.0a9437397a2e5a6c4d423bfdc7d5bf12.jpg,640,425,plat_nomor,139,195,481,322
plat-92-_jpg.rf.041d4f31913d1afacc037b0133fb3bac.jpg,4000,3000,plat_nomor,1430,1016,3445,1859
plat-477-_jpg.rf.04b84b5cf3ee9a94c805c4d7b75a5d73.jpg,620,465,plat_nomor,260,361,419,400
plat-65-_jpg.rf.0a9b60d43c8a7596aa80de56cdd396ba.jpg,500,500,plat_nomor,277,303,365,334
plat-263-_jpg.rf.09dc778357619dd68b08b26f3688eb87.jpg,4000,3000,plat_nomor,1031,656,3359,1703
plat-455-_jpg.rf.025c0f8466e489f508327facda358c2c.jpg,1280,768,plat_nomor,28,133,1055,554
plat-78-_jpg.rf.002b742f3394c28c1623fa0ab8951b85.jpg,921,691,plat_nomor,329,567,592,637
plat-235-_jpg.rf.06f16a6c4f95090f86ab4ced36725e19.jpg,4000,3000,plat_nomor,1563,945,3398,1727
plat-155-_jpg.rf.05a0e9483cfa85a74341a91134d453ce.jpg,4000,3000,plat_nomor,969,891,3273,1820
plat-169-_jpg.rf.03088d8822d78a449a948cc5fcf27e7f.jpg,3264,2448,plat_nomor,210,472,3105,1607
plat-99-_jpg.rf.0c34f584efc089e68fc04a526c1d5797.jpg,3264,2448,plat_nomor,459,567,3175,1607
plat-37-_jpg.rf.0a080caee9aabb4b4b4445bc9cfcf291.jpg,640,479,plat_nomor,466,331,555,393
plat-68-_jpg.rf.0b60d94d865a256ec427034b009af992.jpg,606,691,plat_nomor,233,472,382,530
plat-598-_jpg.rf.007b77ce19f3ed89ab8cdaa8149e8c48.jpg,2448,3264,plat_nomor,701,1434,1677,1830
plat-555-_jpg.rf.0c47cdf430bbebd35b895519bcc6db91.jpg,4000,3000,plat_nomor,1336,1070,3070,1813
plat-174-_jpg.rf.0a71b3b172391184483fffe13f941846.jpg,4000,3000,plat_nomor,1219,953,3180,1727
plat-566-_jpg.rf.0d3069e6715d2b0717a5346748d1ced1.jpg,850,638,plat_nomor,699,338,772,391
plat-427-_jpg.rf.17cdfe4a3556439f1d4b39c8f542ee0b.jpg,1040,585,plat_nomor,343,335,475,390
plat-427-_jpg.rf.17cdfe4a3556439f1d4b39c8f542ee0b.jpg,1040,585,plat_nomor,579,177,676,226
plat-542-_jpg.rf.0db52cf90ab45d6c5e7e94674d5268ce.jpg,480,270,plat_nomor,348,170,389,203
plat-497-_jpg.rf.1213ddd72ecb1a2dbf7bcf85739f9da2.jpg,2620,4656,plat_nomor,473,1519,2283,2246
plat-451-_jpg.rf.0e25bc8b8d4e52bc9fd4abbf0d3b42b9.jpg,1600,1200,plat_nomor,438,481,1228,741
plat-181-_jpg.rf.0ff88366ed10cd65f2a50603bd4736be.jpg,4000,3000,plat_nomor,1313,766,3305,1586
plat-134-_jpg.rf.132688960401f11fc6eaffc8c7fa8786.jpg,4000,3000,plat_nomor,1320,984,3336,1898
plat-389-_jpg.rf.1835a7f732311059bfcfdf083bd790cf.jpg,3264,2448,plat_nomor,631,791,2709,1587
plat-443-_jpg.rf.19b15ddc10f733960379daa085a6070c.jpg,1040,585,plat_nomor,158,280,238,307
plat-443-_jpg.rf.19b15ddc10f733960379daa085a6070c.jpg,1040,585,plat_nomor,841,290,930,316
plat-550-_jpg.rf.1c9004cdf85c38ec8a24149eb0586ee2.jpg,850,638,plat_nomor,45,396,173,499
plat-30-_jpg.rf.0d32a12959ca8b1553e45bd1d43e87d6.jpg,720,540,plat_nomor,459,341,572,399
plat-148-_jpg.rf.0ddbde9e26521dc2b9cecad85213eb72.jpg,3264,2448,plat_nomor,701,708,2831,1600
plat-311-_jpg.rf.138ba46eacc66d88f700f75e957b2d31.jpg,4000,3000,plat_nomor,1227,641,3375,1688
plat-273-_jpg.rf.1c1e4188f1d325a3fe3bc79c5b08a492.jpg,3264,2448,plat_nomor,230,650,3098,1785
plat-322-_jpg.rf.17abc18cfe444a8e698321b83d1a06f8.jpg,4000,3000,plat_nomor,1508,1211,3219,1945
plat-36-_jpg.rf.1dbf329bc787475afdffe6cff3e8e224.jpg,650,420,plat_nomor,94,266,201,327
plat-112-_jpg.rf.0ece307c7c6102a20eed494bb695b047.jpg,4000,3000,plat_nomor,961,773,3039,1711
plat-229-_jpg.rf.157e1f04db35c124da35e36e4e1b6f54.jpg,3264,2448,plat_nomor,230,791,3175,1989
plat-103-_jpg.rf.152079341b0b9ac63d7b4691a658d6cb.jpg,4000,3000,plat_nomor,1297,875,3094,1695
plat-234-_jpg.rf.1c8db68d00a7a96d5a28c05fa16aa263.jpg,4000,3000,plat_nomor,1406,1039,3219,1836
plat-249-_jpg.rf.0dba1e2462c55c00d1dd532ad208c7e0.jpg,4000,3000,plat_nomor,1281,1063,3008,1781
plat-374-_jpg.rf.1d192e7a72b1d072b45a5e23d4e06f76.jpg,4000,3000,plat_nomor,1109,844,3211,1719
plat-537-_jpg.rf.168c35e423ab5fc033959e146d00ae4a.jpg,3264,2448,plat_nomor,453,453,3035,1422
plat-17-_jpg.rf.1c30669a7bf877764af7bff7c2a769bd.jpg,3264,2448,plat_nomor,383,689,3060,1772
plat-473-_jpg.rf.1eb1123b55cf67ee87941163cd6bfd12.jpg,640,480,plat_nomor,263,331,436,388
plat-334-_jpg.rf.1e6fffc1d882a98723481c2c258bf4fb.jpg,1040,780,plat_nomor,295,313,729,484
plat-38-_jpg.rf.1537c70799fe1c74cb9862c3816299fa.jpg,640,480,plat_nomor,113,306,204,361
plat-129-_jpg.rf.1deb50ecdda3016798b3d580c4c862b9.jpg,4000,3000,plat_nomor,1781,1242,3227,1820
plat-599-_jpg.rf.204dda9379f62f10e2edf2f5ce5dbdba.jpg,2448,3264,plat_nomor,485,1301,1830,1868
plat-77-_jpg.rf.2314497bcabaabcb1966b770ce4a0690.jpg,500,337,plat_nomor,178,174,339,225
plat-409-_jpg.rf.2128cb59e9f3f250f4effcea4bb6346e.jpg,630,487,plat_nomor,208,317,324,353
plat-197-_jpg.rf.23e55ccc62b73c5c7096886aa167bcc9.jpg,3264,2448,plat_nomor,51,453,2933,1511
plat-119-_jpg.rf.21dc159696f28ec06da31137beffc7c5.jpg,4000,3000,plat_nomor,1195,1117,3383,2016
plat-568-_jpg.rf.2856ec1438d77d70bd8db7bff2a8878e.jpg,556,425,plat_nomor,65,226,117,262
plat-4-_jpg.rf.2a77c7e7f4610d50b7399904e9ac7864.jpg,4000,3000,plat_nomor,1148,977,3289,1906
plat-419-_jpg.rf.2aa67fd3d5b41b5361b980e63de21a08.jpg,490,310,plat_nomor,180,185,285,218
plat-307-_jpg.rf.22f21672db99735bc4d317da6db01103.jpg,3264,2448,plat_nomor,191,548,3137,1696
plat-250-_jpg.rf.24997133bb7a98d4737d79767f1e7d69.jpg,4000,3000,plat_nomor,1180,758,3195,1633
plat-96-_jpg.rf.2a0dd42ae2ca0824d58f87a5ffad59e1.jpg,3264,2448,plat_nomor,395,510,3041,1664
plat-66-_jpg.rf.22501b48cc8e669c68c36ca9dc587185.jpg,520,293,plat_nomor,115,191,161,215
plat-515-_jpg.rf.253e73e872f825470078950222d559bf.jpg,557,548,plat_nomor,243,401,398,454
plat-297-_jpg.rf.266bdb8a9be7a765fcb9805a9a88586b.jpg,3264,2448,plat_nomor,669,759,2984,1638
plat-411-_jpg.rf.2376edc8113a500740236e4fbfeb03b5.jpg,850,638,plat_nomor,493,445,652,526
plat-496-_jpg.rf.1eb5f10ae8b58808d1addee943191073.jpg,2620,4656,plat_nomor,637,1982,2264,2655
plat-402-_jpg.rf.28c03c02195e53e3cb323403ba6a97f6.jpg,554,554,plat_nomor,0,0,554,381
plat-213-_jpg.rf.22febf13c5afa5860bcd0d14c1e975c4.jpg,4000,3000,plat_nomor,1445,1148,3086,1859
plat-97-_jpg.rf.29d2811d7cd2baba47edee758071dcd2.jpg,4000,3000,plat_nomor,1125,844,3297,1750
plat-385-_jpg.rf.2ab2b1228b6470ffdd56cd44afd58ff8.jpg,3264,2448,plat_nomor,567,771,2952,1753
plat-279-_jpg.rf.29e3084d241474d73ade7979bf3660cb.jpg,4000,3000,plat_nomor,1469,641,3016,1367
plat-164-_jpg.rf.2029660806d608419527dc664e7b6cab.jpg,4000,3000,plat_nomor,1070,672,3273,1609
plat-57-_jpg.rf.28a5644b0ba0b5ecf04421d8ade97aca.jpg,4000,3000,plat_nomor,1172,352,3133,1398
plat-341-_jpg.rf.27754698adcb56a1282102b23249e04c.jpg,4000,3000,plat_nomor,1125,703,3273,1625
plat-527-_jpg.rf.29d9789916d233d53a68303212adb521.jpg,1943,2123,plat_nomor,498,1329,929,1497
plat-449-_jpg.rf.2cf621f450f937b738950f9227cb6ed5.jpg,1040,585,plat_nomor,518,295,646,332
plat-277-_jpg.rf.2ddcb8ed776ad069c42e016c03997885.jpg,4000,3000,plat_nomor,1430,1180,3500,2125
plat-39-_jpg.rf.36182c1d886ec8c60ffdc1b06a44f6f8.jpg,640,479,plat_nomor,405,309,530,387
plat-142-_jpg.rf.300687389f9c827702314484dece9ba5.jpg,1040,780,plat_nomor,319,305,502,395
plat-140-_jpg.rf.2bcf9f41058e8f7235fed14b1608a317.jpg,3264,2448,plat_nomor,842,714,2741,1549
plat-252-_jpg.rf.2e7cd230f75c4c80cf4231132574c176.jpg,3264,2448,plat_nomor,453,319,3105,1428
plat-395-_jpg.rf.30d685a90dd71213769ce2600d20807c.jpg,500,500,plat_nomor,182,324,310,368
plat-556-_jpg.rf.3041ee388fc556b2d13759f266a068df.jpg,734,488,plat_nomor,533,300,618,358
plat-336-_jpg.rf.2d34f3b7ed5bd2c7e35b6c644fa9d4b2.jpg,1600,1200,plat_nomor,419,584,1103,888
plat-329-_jpg.rf.345499d9b7dea1d1a79093f045a87292.jpg,3264,2448,plat_nomor,395,459,2990,1543
plat-9-_jpg.rf.2f3654300f9dcd90019a7d33fd8db065.jpg,4000,3000,plat_nomor,1180,1031,3094,1813
plat-355-_jpg.rf.2e28f84bd148819f6a43121b03d8dd1d.jpg,4000,3000,plat_nomor,1195,734,3242,1570
plat-464-_jpg.rf.2d3271448e0d406bd58a0fbcf3e6f220.jpg,346,461,plat_nomor,107,257,221,291
plat-35-_jpg.rf.2db8ca18ecea6a6c5ae2089aaa602851.jpg,850,638,plat_nomor,138,321,211,378
plat-179-_jpg.rf.2df28d1d6c5ea7b1058bb256927c9fca.jpg,4000,3000,plat_nomor,1258,977,3047,1711
plat-381-_jpg.rf.312cc9085da63f46bdb7d315266ad78a.jpg,4000,3000,plat_nomor,1070,648,3508,1500
plat-546-_jpg.rf.35e5a43d34ad8787124885662a748be8.jpg,850,638,plat_nomor,567,419,697,507
plat-546-_jpg.rf.35e5a43d34ad8787124885662a748be8.jpg,850,638,plat_nomor,764,256,820,286
plat-141-_jpg.rf.2b55d7c795451f75e9d8318e1c9f8eeb.jpg,4000,3000,plat_nomor,1242,1172,2859,1906
plat-487-_jpg.rf.34ce9ab5d894ddac751cb09eb28ab741.jpg,4000,3000,plat_nomor,1375,828,3070,1547
plat-173-_jpg.rf.2f56bc00e727c403ae2df4f0ddd8ad0b.jpg,4000,3000,plat_nomor,1477,1508,3117,2195
plat-6-_jpg.rf.316dd5ee927af3dc4065ceebe33dfc63.jpg,4000,3000,plat_nomor,1430,1070,3219,1867
plat-574-_jpg.rf.2c743e1a0fb12082128a5aa8e9ff73f5.jpg,720,378,plat_nomor,434,219,541,278
plat-162-_jpg.rf.373a712f0e320ec96e2a7d9aa5331ba6.jpg,4000,3000,plat_nomor,1008,883,3477,1836
plat-358-_jpg.rf.31d0076788602a46ab1231c0c4549f29.jpg,4000,3000,plat_nomor,1391,922,3219,1695
plat-354-_jpg.rf.30710cb99cb1698b801fd60fde1f35cd.jpg,3264,2448,plat_nomor,363,580,3015,1613
plat-576-_jpg.rf.367163570e36018772223a09947a4eee.jpg,640,425,plat_nomor,196,291,328,355
plat-317-_jpg.rf.378f7bf38f12b391e0dc5b94644fce1b.jpg,429,919,plat_nomor,151,447,322,530
plat-405-_jpg.rf.43e32768e3b7c43ba83c6ebb331e2fcf.jpg,706,434,plat_nomor,325,273,416,305
plat-5-_jpg.rf.44dd0333a2f25144c380029ea8f9a604.jpg,1600,1200,plat_nomor,569,588,975,791
plat-551-_jpg.rf.3b74707db88fb6f98716be3b0a604f5d.jpg,620,465,plat_nomor,225,327,378,372
plat-33-_jpg.rf.3cdd450f1070377063c7a09f22d32e3f.jpg,860,645,plat_nomor,531,433,690,528
plat-219-_jpg.rf.3fe043ad8ec570f03c60b2dbbfcc5cf7.jpg,1040,780,plat_nomor,41,293,902,670
plat-215-_jpg.rf.3a203d7a1780758cd32bb786dce39b39.jpg,4000,3000,plat_nomor,1242,1031,3313,1875
plat-573-_jpg.rf.3eece38f41962acb1b54797115f2eb5c.jpg,900,675,plat_nomor,357,508,575,575
plat-429-_jpg.rf.383cf4d9eada65268cefbab8a2ed8d4c.jpg,585,1040,plat_nomor,186,536,262,563
plat-59-_jpg.rf.3d12473dbe4e78c1b5f48d64dc74684d.jpg,900,1200,plat_nomor,101,642,202,721
plat-463-_jpg.rf.465cb9f309acd99c8c4298aada8e5f7a.jpg,518,691,plat_nomor,186,472,320,508
plat-577-_jpg.rf.4677174f9008bca591a1507a22482bcc.jpg,640,640,plat_nomor,110,308,368,446
plat-132-_jpg.rf.3a6a3a4428f02362ff8466d609b86b95.jpg,4000,3000,plat_nomor,984,961,3188,1914
plat-417-_jpg.rf.431604725ed9dc579f868e36349f579e.jpg,900,1200,plat_nomor,95,621,206,685
plat-190-_jpg.rf.39f3c738b451a373115eb143074b5cec.jpg,4000,3000,plat_nomor,1195,1070,2969,1875
plat-15-_jpg.rf.45275f119d82263fec438aac82b0dcd3.jpg,4000,3000,plat_nomor,1031,711,3289,1547
plat-585-_jpg.rf.3f84a1344003dad734e67133e3d3c3b0.jpg,720,480,plat_nomor,311,397,477,448
plat-530-_jpg.rf.3b3736f6223879ee283041badd9e8074.jpg,2268,4032,plat_nomor,725,2914,1874,3182
plat-491-_jpg.rf.435c94174aa59df7d0140ce51969fb42.jpg,946,532,plat_nomor,431,347,743,459
plat-222-_jpg.rf.3edc62c6c9bef0d1ef4d1503b8d3ade6.jpg,4000,3000,plat_nomor,1148,555,3141,1438
plat-46-_jpg.rf.46aff64549720d5921d5a421c5452ab0.jpg,1000,750,plat_nomor,633,500,807,566
plat-224-_jpg.rf.461ad4ec2055e2666ad9ea402325573c.jpg,4000,3000,plat_nomor,1313,805,3203,1594
plat-323-_jpg.rf.4885cc49333cdba3cc2c115bb4c51a9c.jpg,4000,3000,plat_nomor,1563,1172,2820,1727
plat-118-_jpg.rf.46a3b9f09c7a2db2b0c99d4b3f36f461.jpg,4000,3000,plat_nomor,1164,648,3117,1539
plat-25-_jpg.rf.3dcac7cb9cda35b92eca58d4b87b2b1a.jpg,4000,3000,plat_nomor,1391,1023,3063,1758
plat-73-_jpg.rf.487aec87a970e193e1a477e333af4836.jpg,850,638,plat_nomor,672,405,734,467
plat-485-_jpg.rf.3b7c8d54681adc8fb684ca12a3eaaa57.jpg,4000,3000,plat_nomor,1344,1109,3266,1922
plat-18-_jpg.rf.4a1e2a83f3208017317b93f9a0876125.jpg,3264,2448,plat_nomor,300,434,3137,1594
plat-476-_jpg.rf.49cea77ae6e2f3cbf93fa82f7f2f5e25.jpg,3264,2448,plat_nomor,2327,1441,2792,1760
plat-94-_jpg.rf.411d6a8b9ee56a6f3550fec0c873c6f3.jpg,4000,3000,plat_nomor,1398,1070,3125,1750
plat-193-_jpg.rf.4a4a44543311525df7728bbfc5153b3d.jpg,4000,3000,plat_nomor,1438,1180,3242,1992
plat-275-_jpg.rf.467c3d0363cbc0f41603554a1e09ba5b.jpg,4000,3000,plat_nomor,1477,1180,2883,1836
plat-408-_jpg.rf.4a4a81a103daf5c863ffceb1e127db3d.jpg,608,505,plat_nomor,39,370,124,430
plat-32-_jpg.rf.4ffbbe0e467d1a26092a2b7e472b262c.jpg,1000,686,plat_nomor,664,455,840,548
plat-350-_jpg.rf.4e5934ada9e8597bdaa9661e77de55d9.jpg,3264,2448,plat_nomor,191,434,3047,1658
plat-512-_jpg.rf.595e8b6bfcaa6a9e4a178b421325b548.jpg,600,338,plat_nomor,158,243,234,275
plat-367-_jpg.rf.4dc5da7146db2fae0ffc14fc5b2cb9ce.jpg,3264,2448,plat_nomor,548,638,2850,1568
plat-564-_jpg.rf.5223b47a5786319b79390b1cb1441307.jpg,1280,960,plat_nomor,563,608,795,681
plat-563-_jpg.rf.53d972b9ec8e2b94e464e698e88f9045.jpg,1000,1000,plat_nomor,117,537,254,629
plat-194-_jpg.rf.4c49610cb9b15e035c460c56316eeba9.jpg,4000,3000,plat_nomor,1273,648,3141,1500
plat-356-_jpg.rf.4ae837b2658f38ba979c37156b843f7e.jpg,4000,3000,plat_nomor,898,766,2961,1570
plat-393-_jpg.rf.55972f0f16c6186fbffac698049a3e00.jpg,640,480,plat_nomor,50,269,86,288
plat-393-_jpg.rf.55972f0f16c6186fbffac698049a3e00.jpg,640,480,plat_nomor,305,144,610,351
plat-536-_jpg.rf.4eea392062fd43ae57f30e61708ea829.jpg,4000,3000,plat_nomor,1367,992,3086,1648
plat-49-_jpg.rf.4fc039d19016b4cd15eb0111e96c3e86.jpg,3264,2448,plat_nomor,593,631,2805,1549
plat-246-_jpg.rf.5587fb16a676416870d960abd6826f2d.jpg,4000,3000,plat_nomor,1359,914,2906,1523
plat-87-_jpg.rf.53b79be4e978a1e17294818f23e5fe19.jpg,556,425,plat_nomor,54,251,118,288
plat-499-_jpg.rf.599dcd18a8f1f0ccd286629bac45ffe9.jpg,750,500,plat_nomor,385,119,719,286
plat-398-_jpg.rf.4fe287bea95b8963b8d121d9ae883c09.jpg,500,500,plat_nomor,186,353,316,392
plat-347-_jpg.rf.50d9a3cd566e562b18f808d2227ee6c4.jpg,3264,2448,plat_nomor,363,708,2939,1753
plat-406-_jpg.rf.57c5f744d3cf27585649ac847a55f677.jpg,554,554,plat_nomor,158,430,327,498
plat-13-_jpg.rf.56e94356e5c30c5d933f59ad2e487239.jpg,4000,3000,plat_nomor,1281,945,3156,1750
plat-330-_jpg.rf.55ec4cb3f1f38588c7953c05ed36983c.jpg,4000,3000,plat_nomor,984,586,3375,1625
plat-106-_jpg.rf.56a832b7c5848b0201e08879431c4a86.jpg,4000,3000,plat_nomor,1461,1055,3156,1773
plat-526-_jpg.rf.54d269c96a2c6d565da667bfe3ff9a5b.jpg,765,510,plat_nomor,396,354,463,380
plat-182-_jpg.rf.501e4d4e4eb0c66937c0ad1cc0acfa84.jpg,4000,3000,plat_nomor,1344,1055,2891,1648
plat-420-_jpg.rf.5752f94c539e2b0c19c35125fa245ba8.jpg,640,480,plat_nomor,0,23,620,458
plat-232-_jpg.rf.5a7b253015d2a0e6454ecf553e9857c4.jpg,4000,3000,plat_nomor,1148,766,3109,1594
plat-31-_jpg.rf.553f50364bb080d350955c2eff9b9ade.jpg,921,691,plat_nomor,264,408,374,460
plat-338-_jpg.rf.4c7474df73116ea6548885b0084cfbe9.jpg,4000,3000,plat_nomor,1672,1125,3234,1859
plat-548-_jpg.rf.662661f596b2f0140b89d39ad141e127.jpg,849,638,plat_nomor,720,350,802,455
plat-291-_jpg.rf.60be7aa0087df9aa81452b9a6fd7feb4.jpg,4000,3000,plat_nomor,1250,781,3406,1773
plat-422-_jpg.rf.6659d2ddef2c0b4fc81bf192bb6aecc6.jpg,1280,720,plat_nomor,843,345,1080,485
plat-296-_jpg.rf.5b4a956f32f4ec8031d3bad237f861a5.jpg,4000,3000,plat_nomor,1289,836,3008,1523
plat-245-_jpg.rf.5d5a4245ef397d52f37256b02dfb9c95.jpg,1600,1200,plat_nomor,694,672,922,775
plat-158-_jpg.rf.5f57fbc24d62583a5f05f7c8085ee91f.jpg,1040,780,plat_nomor,260,271,725,451
plat-452-_jpg.rf.5ef3fd859957c8b39894c3fc76885ac3.jpg,1600,1200,plat_nomor,384,409,1306,788
plat-529-_jpg.rf.5eb82f39a5cf37788d374ef799daabb7.jpg,2267,2554,plat_nomor,524,1302,1242,1841
plat-284-_jpg.rf.5d63e135aa797535476e8d8e68f9a2c1.jpg,4000,3000,plat_nomor,1438,859,3000,1523
plat-145-_jpg.rf.611226b14fee72de738e7b0a379bfe6d.jpg,3264,2448,plat_nomor,363,523,2818,1460
plat-310-_jpg.rf.606a0d38e14de12a0cf3a26f5fc391f5.jpg,4000,3000,plat_nomor,1500,758,3469,1477
plat-29-_jpg.rf.6458c41c1e260461ea72d36c03028a75.jpg,860,645,plat_nomor,123,385,227,473
plat-271-_jpg.rf.6067ee6764dcbc0431d99745815bc7c9.jpg,4000,3000,plat_nomor,1063,695,3172,1570
plat-43-_jpg.rf.61fea7c653e7d962fcdcc03b511f10bd.jpg,800,600,plat_nomor,222,456,347,511
plat-458-_jpg.rf.63308e67cfca998bfc5e36a22d2795e4.jpg,720,1280,plat_nomor,140,460,573,644
plat-380-_jpg.rf.5ba1ddc36f59bf6eaaa851d820cd0146.jpg,4000,3000,plat_nomor,1109,695,2945,1484
plat-244-_jpg.rf.5c17f41f06131007afbc15b3c84b985c.jpg,4000,3000,plat_nomor,1508,1117,3070,1820
plat-482-_jpg.rf.654c00aa1d31494c5e92d4e70b065514.jpg,4000,3000,plat_nomor,1359,1063,2961,1664
plat-418-_jpg.rf.6332003cd2a51dcca10b9860b9a2eb2e.jpg,900,1200,plat_nomor,330,670,530,731
plat-117-_jpg.rf.5f608152fc02bfad491ce774fc04ff2b.jpg,3264,2448,plat_nomor,210,567,3130,1760
plat-81-_jpg.rf.653b9734af12915308edaff5673c1191.jpg,860,645,plat_nomor,149,415,225,481
plat-415-_jpg.rf.6594439eb6e5af9eab63d9092c3b3d5b.jpg,800,800,plat_nomor,261,469,519,557
plat-211-_jpg.rf.63eebc053c49ca7fb16ea6329f5b8a48.jpg,3264,2448,plat_nomor,453,580,2958,1536
plat-150-_jpg.rf.63229603936f7203580ad8c55b9dce04.jpg,4000,3000,plat_nomor,1516,875,2930,1484
plat-159-_jpg.rf.646ebaf6c6cfa535cdb709e51d6b6898.jpg,4000,3000,plat_nomor,1570,945,3266,1602
plat-437-_jpg.rf.68a112e0dfd9c6145b3ce27aeb152e64.jpg,1040,585,plat_nomor,445,347,595,398
plat-469-_jpg.rf.670561335b4d688e929c6398595fb656.jpg,490,310,plat_nomor,195,209,300,240
plat-146-_jpg.rf.6679640c35ba1e8dd99f4861df239c92.jpg,3264,2448,plat_nomor,383,536,3111,1575
plat-115-_jpg.rf.69a24af70382536f31668f0d6a7eef1c.jpg,3264,2448,plat_nomor,300,676,2805,1721
plat-369-_jpg.rf.675005152b56f6a1204a28b0c6a651ac.jpg,3264,2448,plat_nomor,312,453,3079,1638
plat-230-_jpg.rf.667d52b70af5aee8757bb3986e858c93.jpg,4000,3000,plat_nomor,1523,1102,3375,1773
plat-265-_jpg.rf.6ae30a9b096284981f2f36ea3772c5dd.jpg,3264,2448,plat_nomor,644,268,2658,1135
plat-425-_jpg.rf.6a0970fcceea6eb642e88b39a7521ae3.jpg,1040,585,plat_nomor,16,258,95,281
plat-425-_jpg.rf.6a0970fcceea6eb642e88b39a7521ae3.jpg,1040,585,plat_nomor,324,299,392,328
plat-425-_jpg.rf.6a0970fcceea6eb642e88b39a7521ae3.jpg,1040,585,plat_nomor,607,252,674,283
plat-425-_jpg.rf.6a0970fcceea6eb642e88b39a7521ae3.jpg,1040,585,plat_nomor,892,225,973,265
plat-205-_jpg.rf.670badd3ed1fdf152c981a74eea4463b.jpg,4000,3000,plat_nomor,1125,930,2883,1672
plat-237-_jpg.rf.68c8ef0ac1fbdb5fc2d46b1734a5b130.jpg,1600,1200,plat_nomor,703,547,1094,766
plat-231-_jpg.rf.6ab978002d1fea751b808a5927e63d44.jpg,4000,3000,plat_nomor,930,883,3094,1758